OBS_ID,THS_PTF02,THR_PTF02,ALP_PTF02,N_PTF02,K0_PTF02,L_PTF02,M_PTF02,OBS_ID,site,sllb,slll,sldul,slsat,slrgf,sksat,slbdm,SLOM,sloc,slni,slcly,slsil,slsnd,slphw,ICH2O,ICNH4M,ICNH4M,awc,sksat_d,USCLAY,USSILT,USSAND,OC,BD,PH_H2O,DEPTH_M,hz_tp,hz_bt
1,0.46255,0.08964,0.01504,1.27964,22.42768,-1.23752,0.156773020989032,1,1,5,0.202,0.32,0.417,1,4.3,1.31,0.71,0.41,0.04,34,31,35,8,29.05,1.8,0.3,6,103.2,34,31,35,0.41,1.31,8,2.5,0,5
2,0.4726,0.0896,0.01607,1.27811,27.6904,-1.287,0.150298120751722,2,1,15,0.201,0.319,0.424,0.7,4.3,1.27,0.6,0.35,0.04,34,31,35,8,28.95,3.6,0.6,12,103.2,34,31,35,0.35,1.27,8,10,5,15
3,0.4726,0.0896,0.01607,1.27811,27.6904,-1.287,0.171663783047968,3,1,30,0.199,0.319,0.424,0.6,4.3,1.27,0.46,0.27,0.03,34,31,35,8,28.9,5.4,0.9,18,103.2,34,31,35,0.27,1.27,8,22.5,15,30
4,0.46478,0.08954,0.01552,1.27975,23.94047,-1.26193,0.179010094013923,4,1,50,0.198,0.318,0.419,0.4,4.3,1.3,0.41,0.24,0.02,34,31,35,8,28.8,7.2,1.3,24,103.2,34,31,35,0.24,1.3,8,40,30,50
5,0.42107,0.08697,0.01354,1.26553,10,-1.34244,0.228032783717033,5,1,60,0.198,0.318,0.387,0.3,4.3,1.47,0.28,0.16,0.02,34,31,35,8,28.8,3.6,0.6,12,103.2,34,31,35,0.16,1.47,8,55,50,60
6,0.42107,0.08697,0.01354,1.26553,10,-1.34244,0.183805148320523,6,1,70,0.198,0.318,0.387,0.3,4.3,1.47,0.28,0.16,0.02,34,31,35,8,28.8,2.8,0.5,12,103.2,34,31,35,0.16,1.47,8,65,60,70
7,0.39144,0.07721,0.01642,1.23988,10,-1.8139,0.227748974034687,7,1,90,0.186,0.299,0.359,0.2,4.3,1.57,0.52,0.3,0.03,30,25,45,8,27.075,5.5,1,23,103.2,30,25,45,0.3,1.57,8,80,70,90
8,0.38786,0.07054,0.01976,1.24862,12.08183,-1.86083,0.200670715348185,8,1,110,0.159,0.275,0.347,0.1,4.3,1.57,0.17,0.1,0.01,25,20,55,8,24.6,0.6,0.1,23,103.2,25,20,55,0.1,1.57,8,100,90,110
9,0.381451388580944,0.0747896163983308,0.0157921474392426,1.25823426387102,6.89679708705878,-1.40667562220498,0.205235440876126,9,1,120,0.159,0.275,0.347,0.1,4.3,1.57,0.17,0.1,0.01,25,20,55,8,24.6,0.3,0,12,103.2,25,20,55,0.1,1.57,8,115,110,120
10,0.382495888001357,0.076235435586147,0.0150522851303742,1.26431865187422,5.84500907047598,-1.3960546335073,0.209060153848395,10,1,130,0.159,0.275,0.347,0.1,4.3,1.57,0.17,0.1,0.01,25,20,55,8,24.6,0.3,0,12,103.2,25,20,55,0.1,1.57,8,125,120,130
11,0.38138,0.06388,0.02075,1.26896,14.69218,-1.66192,0.24223923473995,11,1,150,0.136,0.254,0.336,0.1,4.3,1.57,0,0,0,20,20,60,8,22.45,0.6,0.1,24,103.2,20,20,60,0,1.57,8,140,130,150
12,0.38138,0.06388,0.02075,1.26896,14.69218,-1.66192,0.254196520301948,12,1,170,0.136,0.254,0.336,0.1,4.3,1.57,0,0,0,20,20,60,8,22.45,0.6,0.1,24,103.2,20,20,60,0,1.57,8,160,150,170
13,0.38115,0.06201,0.02232,1.27914,17.61655,-1.63017,0.298947391279465,13,1,190,0.128,0.244,0.331,0,4.3,1.57,0,0,0,18,17,65,8,21.5,0.6,0.1,23,103.2,18,17,65,0,1.57,8,180,170,190
14,0.38115,0.06201,0.02232,1.27914,17.61655,-1.63017,0.298947391279465,14,1,210,0.128,0.244,0.331,0,4.3,1.57,0,0,0,18,17,65,8,21.5,0.6,0.1,23,103.2,18,17,65,0,1.57,8,200,190,210
15,0.4123,0.07165,0.00745,1.38533,15.21018,-0.20627,0.237408718791528,15,2,5,0.17,0.301,0.4,1,4,1.4,3.44,2,0.2,22,45,33,6.5,26.825,1.8,0.3,7,96,22,45,33,2,1.4,6.5,2.5,0,5
16,0.4123,0.07165,0.00745,1.38533,15.21018,-0.20627,0.149744347687432,16,2,10,0.17,0.301,0.4,1,4,1.4,3.44,2,0.2,22,45,33,6.5,26.825,1.8,0.3,7,96,22,45,33,2,1.4,6.5,7.5,5,10
17,0.47151692184274,0.0430394642722687,0.0552792766856208,1.16225370660528,31.7011890472017,-1.9985504188152,0.139602657907789,17,2,20,0.18,0.31,0.41,0.7,1.8,1.4,2.13,1.24,0.12,22,45,33,6.5,27.75,3.6,0.6,13,43.2,22,45,33,1.24,1.4,6.5,15,10,20
18,0.41443,0.0734,0.00655,1.40067,14.4996,-0.09819,0.115236550553859,18,2,30,0.18,0.31,0.41,0.7,1.8,1.4,2.13,1.24,0.12,22,45,33,6.5,27.75,3.6,0.6,13,43.2,22,45,33,1.24,1.4,6.5,25,20,30
19,0.41443,0.0734,0.00655,1.40067,14.4996,-0.09819,0.123781871533461,19,2,40,0.19,0.31,0.42,0.5,1.6,1.4,1.69,0.98,0.1,22,45,33,6.5,28,3.6,0.6,12,38.4,22,45,33,0.98,1.4,6.5,35,30,40
20,0.41443,0.0734,0.00655,1.40067,14.4996,-0.09819,0.123004228428159,20,2,50,0.19,0.31,0.42,0.5,1.6,1.4,1.69,0.98,0.1,22,45,33,6.5,28,3.6,0.6,12,38.4,22,45,33,0.98,1.4,6.5,45,40,50
21,0.41443,0.0734,0.00655,1.40067,14.4996,-0.09819,0.133942648827018,21,2,60,0.19,0.31,0.42,0.5,1.6,1.4,1.69,0.98,0.1,22,45,33,6.5,28,3.6,0.6,12,38.4,22,45,33,0.98,1.4,6.5,55,50,60
22,0.41564,0.07444,0.00609,1.41026,14.10033,-0.04173,0.124652009165546,22,2,70,0.215,0.315,0.43,0.4,1.5,1.4,1.55,0.9,0.09,22,45,33,6.5,29,2.8,0.5,10,36,22,45,33,0.9,1.4,6.5,65,60,70
23,0.41564,0.07444,0.00609,1.41026,14.10033,-0.04173,0.130151492535135,23,2,90,0.215,0.315,0.43,0.4,1.5,1.4,1.55,0.9,0.09,22,45,33,6.5,29,5.5,1,20,36,22,45,33,0.9,1.4,6.5,80,70,90
24,0.416642981776407,0.0456302031817883,0.023007737764565,1.16029699208869,10.3886957184651,0.0864517696852015,0.138151691490759,24,2,110,0.215,0.315,0.43,0.3,1.5,1.4,1.55,0.9,0.09,22,45,33,6.5,29,0.6,0.1,20,36,22,45,33,0.9,1.4,6.5,100,90,110
25,0.41564,0.07444,0.00609,1.41026,14.10033,-0.04173,0.151615509674929,25,2,130,0.215,0.315,0.43,0.3,1.5,1.4,1.55,0.9,0.09,22,45,33,6.5,29,0.6,0.1,20,36,22,45,33,0.9,1.4,6.5,120,110,130
26,0.41564,0.07444,0.00609,1.41026,14.10033,-0.04173,0.173829448872236,26,2,150,0.215,0.315,0.43,0.3,1.5,1.4,1.55,0.9,0.09,22,45,33,6.5,29,0.6,0.1,20,36,22,45,33,0.9,1.4,6.5,140,130,150
27,0.41564,0.07444,0.00609,1.41026,14.10033,-0.04173,0.185938707926719,27,2,170,0.215,0.315,0.43,0.3,1.5,1.4,1.55,0.9,0.09,22,45,33,6.5,29,0.6,0.1,20,36,22,45,33,0.9,1.4,6.5,160,150,170
28,0.41564,0.07444,0.00609,1.41026,14.10033,-0.04173,0.190456018163652,28,2,190,0.215,0.315,0.43,0.1,1.5,1.4,1.55,0.9,0.09,22,45,33,6.5,29,0.6,0.1,20,36,22,45,33,0.9,1.4,6.5,180,170,190
29,0.41564,0.07444,0.00609,1.41026,14.10033,-0.04173,0.190035865548352,29,2,210,0.215,0.315,0.43,0.1,1.5,1.4,1.55,0.9,0.09,22,45,33,6.5,29,0.6,0.1,20,36,22,45,33,0.9,1.4,6.5,200,190,210
30,0.4123,0.07165,0.00745,1.38533,15.21018,-0.20627,0.146044906825359,30,3,10,0.17,0.301,0.4,1,4,1.4,3.44,2,0.2,22,45,33,6.5,26.825,3.6,0.6,13,96,22,45,33,2,1.4,6.5,110,0,10
31,0.41443,0.0734,0.00655,1.40067,14.4996,-0.09819,0.123672137693957,31,3,30,0.18,0.31,0.41,0.7,1.8,1.4,2.13,1.24,0.12,22,45,33,6.5,27.75,7.2,1.3,26,43.2,22,45,33,1.24,1.4,6.5,20,10,30
32,0.41443,0.0734,0.00655,1.40067,14.4996,-0.09819,0.123004228428159,32,3,60,0.19,0.31,0.42,0.5,1.6,1.4,1.69,0.98,0.1,22,45,33,6.5,28,10.7,1.9,36,38.4,22,45,33,0.98,1.4,6.5,45,30,60
33,0.41564,0.07444,0.00609,1.41026,14.10033,-0.04173,0.124044035671852,33,3,90,0.215,0.315,0.43,0.4,1.5,1.4,1.55,0.9,0.09,22,45,33,6.5,29,8.3,1.4,30,36,22,45,33,0.9,1.4,6.5,75,60,90
34,0.41613,0.07487,0.00592,1.41432,13.9398,-0.01996,0.148249415215738,34,3,120,0.25,0.317,0.44,0.3,1.4,1.4,1.48,0.86,0.09,22,45,33,6.5,30.025,1.1,0.2,20,33.6,22,45,33,0.86,1.4,6.5,105,90,120
35,0.41687,0.07553,0.00566,1.42064,13.69822,0.01175,0.17099708488986,35,3,150,0.27,0.32,0.44,0.3,1.3,1.4,1.31,0.76,0.08,22,45,33,6.5,30.75,1.1,0.2,15,31.2,22,45,33,0.76,1.4,6.5,135,120,150
36,0.41811,0.07667,0.00526,1.43183,13.29381,0.06202,0.237111271194365,36,3,180,0.29,0.325,0.44,0.1,1.2,1.4,0.72,0.42,0.04,22,45,33,6.5,31.625,1.1,0.2,11,28.8,22,45,33,0.42,1.4,6.5,165,150,180
37,0.51255,0.09993,0.01412,1.23255,34.54792,-1.60097,0.146574250802945,37,4,10,0.21,0.39,0.44,1,1,1.2,3.44,2,0.2,40,25,35,6.5,34.5,3.6,0.6,18,24,40,25,35,2,1.2,6.5,95,0,10
38,0.5155,0.10268,0.01151,1.24274,29.59359,-1.26033,0.133518765506062,38,4,30,0.23,0.41,0.467,0.7,0.8,1.2,2.13,1.24,0.12,40,25,35,6.5,36.5,7.2,1.3,36,19.2,40,25,35,1.24,1.2,6.5,20,10,30
39,0.51624,0.10349,0.01089,1.2464,28.43051,-1.16679,0.137777686493599,39,4,60,0.26,0.415,0.467,0.4,0.6,1.2,1.69,0.98,0.1,40,25,35,6.5,37.625,10.7,1.9,47,14.4,40,25,35,0.98,1.2,6.5,45,30,60
40,0.51699,0.10435,0.0103,1.25053,27.29801,-1.0716,0.139378479955648,40,4,90,0.29,0.42,0.47,0.2,0.5,1.2,1.55,0.9,0.09,40,25,35,6.5,38.75,8.3,1.4,39,12,40,25,35,0.9,1.2,6.5,75,60,90
41,0.51775,0.10527,0.00972,1.25513,26.19618,-0.97562,0.162662687946265,41,4,120,0.32,0.425,0.475,0.1,0.4,1.2,1.48,0.86,0.09,40,25,35,6.5,39.875,1.1,0.2,32,9.6,40,25,35,0.86,1.2,6.5,105,90,120
42,0.5185,0.10623,0.00916,1.26022,25.12506,-0.87971,0.186286649979902,42,4,150,0.36,0.43,0.48,0.1,0.3,1.2,1.31,0.76,0.08,40,25,35,6.5,41.25,1.1,0.2,21,7.2,40,25,35,0.76,1.2,6.5,135,120,150
43,0.5185,0.10623,0.00916,1.26022,25.12506,-0.87971,0.217840944883625,43,4,180,0.4,0.43,0.48,0,0.2,1.2,0.72,0.42,0.04,40,25,35,6.5,42.25,1.1,0.2,9,4.8,40,25,35,0.42,1.2,6.5,165,150,180
44,0.45551,0.09728,0.01702,1.29477,17.10305,-1.37825,0.121874949083003,44,5,5,0.15,0.3,0.4,0.8,0.7,1.33,1.2,0.7,0.08,40,45,15,6.8,26.25,1.8,0.3,8,16.8,40,45,15,0.7,1.33,6.8,2.5,0,5
45,0.45113,0.09821,0.01743,1.28962,16.38023,-1.45694,0.0984733478098561,45,5,15,0.15,0.3,0.43,0.8,0.6,1.35,1.2,0.7,0.04,41,44,15,6.8,26.25,3.6,0.6,15,14.4,41,44,15,0.7,1.35,6.8,10,5,15
46,0.44322,0.09774,0.01944,1.30921,17.11742,-1.46588,0.0946061635657803,46,5,30,0.14,0.28,0.44,0.7,0.6,1.36,1.03,0.6,0.04,41,44,15,6.8,24.5,5.4,0.9,21,14.4,41,44,15,0.6,1.36,6.8,22.5,15,30
47,0.44522,0.09651,0.01921,1.31122,17.98437,-1.42533,0.105427289983568,47,5,45,0.14,0.28,0.43,0.7,0.55,1.35,1.03,0.6,0.03,40,43,17,6.8,24.5,5.4,0.9,21,13.2,40,43,17,0.6,1.35,6.8,37.5,30,45
48,0.43313,0.09322,0.02036,1.33576,18.00684,-1.36831,0.122776430169912,48,5,60,0.13,0.26,0.42,0.6,0.59,1.37,0.86,0.5,0.02,38,43,19,6.8,22.75,5.4,0.9,20,14.16,38,43,19,0.5,1.37,6.8,52.5,45,60
49,0.42394,0.09016,0.02175,1.36761,18.63738,-1.3101,0.123154302838237,49,5,75,0.12,0.24,0.42,0.6,0.5,1.38,0.69,0.4,0.01,36,43,21,6.8,21,4.1,0.7,18,12,36,43,21,0.4,1.38,6.8,67.5,60,75
50,0.43054,0.08955,0.01704,1.30702,15.07955,-1.30659,0.148701779450861,50,5,90,0.14,0.28,0.41,0.5,0.44,1.39,0.69,0.4,0.02,36,44,20,6.8,24.5,4.1,0.7,21,10.56,36,44,20,0.4,1.39,6.8,82.5,75,90
51,0.42456,0.08759,0.01669,1.30356,14.20475,-1.30384,0.224885582983609,51,5,105,0.14,0.28,0.4,0.4,0.3,1.41,0.52,0.3,0.04,35,43,22,6.8,24.5,1.1,0.2,21,7.2,35,43,22,0.3,1.41,6.8,97.5,90,105
52,0.41659,0.08211,0.018,1.32222,15.60429,-1.25386,0.259892428483309,52,5,120,0.13,0.26,0.42,0.2,0.2,1.41,0.34,0.2,0.02,32,43,25,6.8,22.75,1.1,0.2,20,4.8,32,43,25,0.2,1.41,6.8,112.5,105,120
53,0.40454,0.08258,0.02106,1.33634,15.7083,-1.37968,0.291201347588822,53,5,135,0.12,0.24,0.41,0.1,0.2,1.44,0.15,0.09,0.01,33,44,23,6.8,21,1.1,0.2,18,4.8,33,44,23,0.09,1.44,6.8,127.5,120,135
54,0.4123,0.07165,0.00745,1.38533,15.21018,-0.20627,0.135422764860285,54,6,10,0.17,0.301,0.4,1,4,1.4,0.69,0.4,0.04,22,45,33,6.5,26.825,3.6,0.6,13,96,22,45,33,0.4,1.4,6.5,72.5,0,10
55,0.41443,0.0734,0.00655,1.40067,14.4996,-0.09819,0.199108856916002,55,6,30,0.18,0.31,0.41,0.7,1.8,1.4,0.43,0.25,0.03,22,45,33,6.5,27.75,7.2,1.3,26,43.2,22,45,33,0.25,1.4,6.5,20,10,30
56,0.41443,0.0734,0.00655,1.40067,14.4996,-0.09819,0.205306502777477,56,6,60,0.19,0.31,0.42,0.5,1.6,1.4,0.34,0.2,0.02,22,45,33,6.5,28,10.7,1.9,36,38.4,22,45,33,0.2,1.4,6.5,45,30,60
57,0.41564,0.07444,0.00609,1.41026,14.10033,-0.04173,0.197674199256412,57,6,90,0.215,0.315,0.43,0.4,1.5,1.4,0.31,0.18,0.02,22,45,33,6.5,29,8.3,1.4,30,36,22,45,33,0.18,1.4,6.5,75,60,90
58,0.41613,0.07487,0.00592,1.41432,13.9398,-0.01996,0.266113622030966,58,6,120,0.25,0.317,0.44,0.3,1.4,1.4,0.29,0.17,0.02,22,45,33,6.5,30.025,1.1,0.2,20,33.6,22,45,33,0.17,1.4,6.5,105,90,120
59,0.41687,0.07553,0.00566,1.42064,13.69822,0.01175,0.280822120177268,59,6,150,0.27,0.32,0.44,0.3,1.3,1.4,0.26,0.15,0.02,22,45,33,6.5,30.75,1.1,0.2,15,31.2,22,45,33,0.15,1.4,6.5,135,120,150
60,0.41811,0.07667,0.00526,1.43183,13.29381,0.06202,0.298643877375293,60,6,180,0.29,0.325,0.44,0.1,1.2,1.4,0.15,0.09,0.01,22,45,33,6.5,31.625,1.1,0.2,11,28.8,22,45,33,0.09,1.4,6.5,165,150,180
61,0.41738770898248,0.0450442913445177,0.0324755347622894,1.14813026423524,12.9391832318718,-0.314428865474962,0.129018691388568,61,7,10,0.17,0.301,0.4,1,4,1.4,1.72,1,0.1,22,45,33,6.5,26.825,3.6,0.6,13,96,22,45,33,1,1.4,6.5,95,0,10
62,0.41443,0.0734,0.00655,1.40067,14.4996,-0.09819,0.135791931872573,62,7,30,0.18,0.31,0.41,0.7,1.8,1.4,1.07,0.62,0.06,22,45,33,6.5,27.75,7.2,1.3,26,43.2,22,45,33,0.62,1.4,6.5,20,10,30
63,0.418342334545364,0.0393179401670658,0.0265236088119683,1.14287738587189,22.9408808562093,-2.74120569600856,0.125015498283651,63,7,60,0.19,0.31,0.42,0.5,1.6,1.4,0.84,0.49,0.05,22,45,33,6.5,28,10.7,1.9,36,38.4,22,45,33,0.49,1.4,6.5,45,30,60
64,0.411521529944047,0.0512564439815815,0.0213944163709971,1.16175104786028,13.3344940242297,-2.62394864392616,0.139230386887274,64,7,90,0.215,0.315,0.43,0.4,1.5,1.4,0.77,0.45,0.05,22,45,33,6.5,29,8.3,1.4,30,36,22,45,33,0.45,1.4,6.5,75,60,90
65,0.412034553943088,0.0488101062868007,0.00870902002134412,1.23758526681755,6.98438198342884,-0.445947676673431,0.191974866853822,65,7,120,0.25,0.317,0.44,0.3,1.4,1.4,0.74,0.43,0.04,22,45,33,6.5,30.025,1.1,0.2,20,33.6,22,45,33,0.43,1.4,6.5,105,90,120
66,0.41687,0.07553,0.00566,1.42064,13.69822,0.01175,0.214662774945908,66,7,150,0.27,0.32,0.44,0.3,1.3,1.4,0.65,0.38,0.04,22,45,33,6.5,30.75,1.1,0.2,15,31.2,22,45,33,0.38,1.4,6.5,135,120,150
67,0.41811,0.07667,0.00526,1.43183,13.29381,0.06202,0.278873795280599,67,7,180,0.29,0.325,0.44,0.1,1.2,1.4,0.36,0.21,0.02,22,45,33,6.5,31.625,1.1,0.2,11,28.8,22,45,33,0.21,1.4,6.5,165,150,180
68,0.41738770898248,0.0450442913445177,0.0324755347622894,1.14813026423524,12.9391832318718,-0.314428865474962,0.129018691388568,68,8,10,0.17,0.301,0.4,1,4,1.4,1.72,1,0.1,22,45,33,6.5,26.825,3.6,0.6,13,96,22,45,33,1,1.4,6.5,95,0,10
69,0.41443,0.0734,0.00655,1.40067,14.4996,-0.09819,0.135791931872573,69,8,30,0.18,0.31,0.41,0.7,1.8,1.4,1.07,0.62,0.06,22,45,33,6.5,27.75,7.2,1.3,26,43.2,22,45,33,0.62,1.4,6.5,20,10,30
70,0.418342334545364,0.0393179401670658,0.0265236088119683,1.14287738587189,22.9408808562093,-2.74120569600856,0.125015498283651,70,8,60,0.19,0.31,0.42,0.5,1.6,1.4,0.84,0.49,0.05,22,45,33,6.5,28,10.7,1.9,36,38.4,22,45,33,0.49,1.4,6.5,45,30,60
71,0.411521529944047,0.0512564439815815,0.0213944163709971,1.16175104786028,13.3344940242297,-2.62394864392616,0.139230386887274,71,8,90,0.215,0.315,0.43,0.4,1.5,1.4,0.77,0.45,0.05,22,45,33,6.5,29,8.3,1.4,30,36,22,45,33,0.45,1.4,6.5,75,60,90
72,0.412034553943088,0.0488101062868007,0.00870902002134412,1.23758526681755,6.98438198342884,-0.445947676673431,0.191974866853822,72,8,120,0.25,0.317,0.44,0.3,1.4,1.4,0.74,0.43,0.04,22,45,33,6.5,30.025,1.1,0.2,20,33.6,22,45,33,0.43,1.4,6.5,105,90,120
73,0.41687,0.07553,0.00566,1.42064,13.69822,0.01175,0.214662774945908,73,8,150,0.27,0.32,0.44,0.3,1.3,1.4,0.65,0.38,0.04,22,45,33,6.5,30.75,1.1,0.2,15,31.2,22,45,33,0.38,1.4,6.5,135,120,150
74,0.41811,0.07667,0.00526,1.43183,13.29381,0.06202,0.278873795280599,74,8,180,0.29,0.325,0.44,0.1,1.2,1.4,0.36,0.21,0.02,22,45,33,6.5,31.625,1.1,0.2,11,28.8,22,45,33,0.21,1.4,6.5,165,150,180
75,0.4123,0.07165,0.00745,1.38533,15.21018,-0.20627,0.120801508116674,75,11,10,0.17,0.301,0.4,1,4,1.4,1.72,1,0.1,22,45,33,6.5,26.825,3.6,0.6,13,96,22,45,33,1,1.4,6.5,70,0,10
76,0.41443,0.0734,0.00655,1.40067,14.4996,-0.09819,0.135791931872573,76,11,30,0.18,0.31,0.41,0.7,1.8,1.4,1.07,0.62,0.06,22,45,33,6.5,27.75,7.2,1.3,26,43.2,22,45,33,0.62,1.4,6.5,20,10,30
77,0.418342334545364,0.0393179401670658,0.0265236088119683,1.14287738587189,22.9408808562093,-2.74120569600856,0.125015498283651,77,11,60,0.19,0.31,0.42,0.5,1.6,1.4,0.84,0.49,0.05,22,45,33,6.5,28,10.7,1.9,36,38.4,22,45,33,0.49,1.4,6.5,45,30,60
78,0.411521529944047,0.0512564439815815,0.0213944163709971,1.16175104786028,13.3344940242297,-2.62394864392616,0.139230386887274,78,11,90,0.215,0.315,0.43,0.4,1.5,1.4,0.77,0.45,0.05,22,45,33,6.5,29,8.3,1.4,30,36,22,45,33,0.45,1.4,6.5,75,60,90
79,0.412034553943088,0.0488101062868007,0.00870902002134412,1.23758526681755,6.98438198342884,-0.445947676673431,0.191974866853822,79,11,120,0.25,0.317,0.44,0.3,1.4,1.4,0.74,0.43,0.04,22,45,33,6.5,30.025,1.1,0.2,20,33.6,22,45,33,0.43,1.4,6.5,105,90,120
80,0.41687,0.07553,0.00566,1.42064,13.69822,0.01175,0.214662774945908,80,11,150,0.27,0.32,0.44,0.3,1.3,1.4,0.65,0.38,0.04,22,45,33,6.5,30.75,1.1,0.2,15,31.2,22,45,33,0.38,1.4,6.5,135,120,150
81,0.41811,0.07667,0.00526,1.43183,13.29381,0.06202,0.278873795280599,81,11,180,0.29,0.325,0.44,0.1,1.2,1.4,0.36,0.21,0.02,22,45,33,6.5,31.625,1.1,0.2,11,28.8,22,45,33,0.21,1.4,6.5,165,150,180
82,0.51255,0.09993,0.01412,1.23255,34.54792,-1.60097,0.150673576855935,82,12,10,0.21,0.39,0.44,1,1,1.2,1.72,1,0.1,40,25,35,6.5,34.5,3.6,0.6,18,24,40,25,35,1,1.2,6.5,95,0,10
83,0.5155,0.10268,0.01151,1.24274,29.59359,-1.26033,0.114486804405326,83,12,30,0.23,0.41,0.467,0.7,0.8,1.2,1.07,0.62,0.06,40,25,35,6.5,36.5,7.2,1.3,36,19.2,40,25,35,0.62,1.2,6.5,20,10,30
84,0.51624,0.10349,0.01089,1.2464,28.43051,-1.16679,0.12497385601755,84,12,60,0.26,0.415,0.467,0.4,0.6,1.2,0.84,0.49,0.05,40,25,35,6.5,37.625,10.7,1.9,47,14.4,40,25,35,0.49,1.2,6.5,45,30,60
85,0.51699,0.10435,0.0103,1.25053,27.29801,-1.0716,0.153865173660487,85,12,90,0.29,0.42,0.47,0.2,0.5,1.2,0.77,0.45,0.05,40,25,35,6.5,38.75,8.3,1.4,39,12,40,25,35,0.45,1.2,6.5,75,60,90
86,0.51775,0.10527,0.00972,1.25513,26.19618,-0.97562,0.176519250833624,86,12,100,0.32,0.425,0.475,0.1,0.4,1.2,0.74,0.43,0.04,40,25,35,6.5,39.875,3.3,0.6,11,9.6,40,25,35,0.43,1.2,6.5,95,90,100
87,0.51255,0.09993,0.01412,1.23255,34.54792,-1.60097,0.152547304802188,87,13,10,0.21,0.39,0.44,1,1,1.2,1.72,1,0.1,40,25,35,6.5,34.5,3.6,0.6,18,24,40,25,35,1,1.2,6.5,55,0,10
88,0.5155,0.10268,0.01151,1.24274,29.59359,-1.26033,0.114486804405326,88,13,30,0.23,0.41,0.467,0.7,0.8,1.2,1.07,0.62,0.06,40,25,35,6.5,36.5,7.2,1.3,36,19.2,40,25,35,0.62,1.2,6.5,20,10,30
89,0.51624,0.10349,0.01089,1.2464,28.43051,-1.16679,0.12497385601755,89,13,60,0.26,0.415,0.467,0.4,0.6,1.2,0.84,0.49,0.05,40,25,35,6.5,37.625,10.7,1.9,47,14.4,40,25,35,0.49,1.2,6.5,45,30,60
90,0.51699,0.10435,0.0103,1.25053,27.29801,-1.0716,0.153865173660487,90,13,90,0.29,0.42,0.47,0.2,0.5,1.2,0.77,0.45,0.05,40,25,35,6.5,38.75,8.3,1.4,39,12,40,25,35,0.45,1.2,6.5,75,60,90
91,0.51775,0.10527,0.00972,1.25513,26.19618,-0.97562,0.190289876830019,91,13,120,0.32,0.425,0.475,0.1,0.4,1.2,0.74,0.43,0.04,40,25,35,6.5,39.875,1.1,0.2,32,9.6,40,25,35,0.43,1.2,6.5,105,90,120
92,0.5185,0.10623,0.00916,1.26022,25.12506,-0.87971,0.210773124154837,92,13,150,0.36,0.43,0.48,0.1,0.3,1.2,0.65,0.38,0.04,40,25,35,6.5,41.25,1.1,0.2,21,7.2,40,25,35,0.38,1.2,6.5,135,120,150
93,0.5185,0.10623,0.00916,1.26022,25.12506,-0.87971,0.266202887359446,93,13,180,0.4,0.43,0.48,0,0.2,1.2,0.36,0.21,0.02,40,25,35,6.5,42.25,1.1,0.2,9,4.8,40,25,35,0.21,1.2,6.5,165,150,180
94,0.45431,0.08922,0.00423,1.48842,23.56841,0.22844,0.1784909604731,94,15,20,0.285,0.358,0.448,1,0.38,1.3,1.92,1.11,0.12,25,57,18,7.3,33.975,7.2,1.3,15,9.12,25,57,18,1.11,1.3,7.3,90,0,20
95,0.46269,0.09881,0.01022,1.31487,14.20307,-0.77778,0.100497299691414,95,15,40,0.198,0.342,0.448,0.7,0.38,1.34,1.09,0.64,0.08,37,51,12,7.5,30.6,7.2,1.3,29,9.12,37,51,12,0.64,1.34,7.5,30,20,40
96,0.47784,0.10851,0.02494,1.24116,49.45756,-2.34497,0.13430894458063,96,15,60,0.197,0.327,0.489,0.4,0.38,1.32,0.73,0.43,0.06,50,21,29,7.5,29.45,7.2,1.3,26,9.12,50,21,29,0.43,1.32,7.5,50,40,60
97,0.47995,0.10447,0.01154,1.24405,14.12668,-1.36029,0.16324602017291,97,15,90,0.24,0.388,0.458,0,0.38,1.33,0.59,0.34,0.05,43,30,27,7.4,35.1,8.3,1.4,44,9.12,43,30,27,0.34,1.33,7.4,75,60,90
98,0.45427,0.10166,0.0058,1.34475,10,-0.25633,0.213640673495732,98,15,150,0.24,0.388,0.458,0.1,0.38,1.4,0.47,0.28,0.05,35,35,30,7.3,35.1,3.3,0.6,89,9.12,35,35,30,0.28,1.4,7.3,120,90,150
99,0.45612,0.09299,0.00288,1.6496,17.33243,0.38354,0.145044736112232,99,16,30,0.196,0.37,0.438,1,0.05,1.4,1.81,1.05,0.11,16.6,75.5,7.9,8.2,32.65,10.7,1.9,52,1.2,16.6,75.5,7.9,1.05,1.4,8.2,90,0,30
100,0.445569383173381,0.0241721352363002,0.0108977308141445,1.1730122679582,11.4593947208039,-1.80185112948499,0.147493997023026,100,16,60,0.174,0.344,0.423,0.5,0.08,1.55,0.77,0.45,0.05,26,66.5,7.5,8.2,30.15,10.7,1.9,51,1.92,26,66.5,7.5,0.45,1.55,8.2,45,30,60
101,0.41228,0.0771,0.00475,1.47719,10.98083,0.11171,0.152755567454323,101,16,90,0.163,0.328,0.431,0.2,0.15,1.55,0.77,0.45,0.16,18,74.5,7.5,8.2,28.675,8.3,1.4,50,3.6,18,74.5,7.5,0.45,1.55,8.2,75,60,90
102,0.41128,0.07645,0.00486,1.47176,11.21949,0.09819,0.194112249666131,102,16,120,0.161,0.326,0.431,0.1,0.16,1.55,0.77,0.45,0.16,18,74.5,7.5,8.2,28.475,1.7,0.3,50,3.84,18,74.5,7.5,0.45,1.55,8.2,105,90,120
103,0.40879,0.07486,0.00517,1.45852,11.82365,0.06212,0.218640604789002,103,16,150,0.158,0.321,0.431,0.1,0.18,1.55,0.77,0.45,0.16,18,74.5,7.5,8.2,28.025,1.7,0.3,49,4.32,18,74.5,7.5,0.45,1.55,8.2,135,120,150
104,0.40741,0.05988,0.00667,1.38623,21.96644,0.0172,0.173982482787262,104,18,30,0.1,0.3,0.47,1,3,1.4,3.44,2,0.2,12,30,58,6.5,25,10.7,1.9,60,72,12,30,58,2,1.4,6.5,115,0,30
105,0.40097,0.05513,0.00998,1.35206,28.28177,-0.36282,0.16454811414244,105,18,40,0.09,0.27,0.45,0.8,3,1.4,0.9,0.62,0.06,12,32,58,6.5,22.5,3.6,0.6,18,72,12,32,58,0.62,1.4,6.5,35,30,40
106,0.33571,0.06372,0.00939,1.25294,10,-1.21134,0.24800019700294,106,18,70,0.17,0.31,0.36,0.5,0.5,1.8,0.4,0.23,0.02,22,40,38,6.5,27.5,10.7,1.9,42,12,22,40,38,0.23,1.8,6.5,55,40,70
107,0.40005,0.07005,0.00603,1.37643,10,-0.08952,0.221765718005769,107,18,120,0.16,0.32,0.43,0.3,1.5,1.5,0.1,0.05,0.01,18,30,52,6.5,28,1.5,0.3,80,36,18,30,52,0.05,1.5,6.5,95,70,120
108,0.37928,0.06744,0.00588,1.35775,10,-0.17348,0.249354077892716,108,18,200,0.16,0.32,0.42,0.1,1.5,1.6,0.1,0.05,0.01,17,30,53,6.5,28,2.4,0.4,128,36,17,30,53,0.05,1.6,6.5,160,120,200
109,0.4123,0.07165,0.00745,1.38533,15.21018,-0.20627,0.143637681475761,109,19,10,0.17,0.301,0.4,1,4,1.4,1.72,1,0.1,22,45,33,6.5,26.825,3.6,0.6,13,96,22,45,33,1,1.4,6.5,105,0,10
110,0.41443,0.0734,0.00655,1.40067,14.4996,-0.09819,0.135791931872573,110,19,30,0.18,0.31,0.41,0.7,1.8,1.4,1.07,0.62,0.06,22,45,33,6.5,27.75,7.2,1.3,26,43.2,22,45,33,0.62,1.4,6.5,20,10,30
111,0.418342334545364,0.0393179401670658,0.0265236088119683,1.14287738587189,22.9408808562093,-2.74120569600856,0.125015498283651,111,19,60,0.19,0.31,0.42,0.5,1.6,1.4,0.84,0.49,0.05,22,45,33,6.5,28,10.7,1.9,36,38.4,22,45,33,0.49,1.4,6.5,45,30,60
112,0.411521529944047,0.0512564439815815,0.0213944163709971,1.16175104786028,13.3344940242297,-2.62394864392616,0.139230386887274,112,19,90,0.215,0.315,0.43,0.4,1.5,1.4,0.77,0.45,0.05,22,45,33,6.5,29,8.3,1.4,30,36,22,45,33,0.45,1.4,6.5,75,60,90
113,0.412034553943088,0.0488101062868007,0.00870902002134412,1.23758526681755,6.98438198342884,-0.445947676673431,0.191974866853822,113,19,120,0.25,0.317,0.44,0.3,1.4,1.4,0.74,0.43,0.04,22,45,33,6.5,30.025,1.1,0.2,20,33.6,22,45,33,0.43,1.4,6.5,105,90,120
114,0.41687,0.07553,0.00566,1.42064,13.69822,0.01175,0.214662774945908,114,19,150,0.27,0.32,0.44,0.3,1.3,1.4,0.65,0.38,0.04,22,45,33,6.5,30.75,1.1,0.2,15,31.2,22,45,33,0.38,1.4,6.5,135,120,150
115,0.41811,0.07667,0.00526,1.43183,13.29381,0.06202,0.278873795280599,115,19,180,0.29,0.325,0.44,0.1,1.2,1.4,0.36,0.21,0.02,22,45,33,6.5,31.625,1.1,0.2,11,28.8,22,45,33,0.21,1.4,6.5,165,150,180
116,0.4123,0.07165,0.00745,1.38533,15.21018,-0.20627,0.168397538405803,116,20,10,0.17,0.301,0.4,1,4,1.4,0.69,0.4,0.04,22,45,33,6.5,26.825,3.6,0.6,13,96,22,45,33,0.4,1.4,6.5,95,0,10
117,0.41443,0.0734,0.00655,1.40067,14.4996,-0.09819,0.199108856916002,117,20,30,0.18,0.31,0.41,0.7,1.8,1.4,0.43,0.25,0.03,22,45,33,6.5,27.75,7.2,1.3,26,43.2,22,45,33,0.25,1.4,6.5,20,10,30
118,0.41443,0.0734,0.00655,1.40067,14.4996,-0.09819,0.205306502777477,118,20,60,0.19,0.31,0.42,0.5,1.6,1.4,0.34,0.2,0.02,22,45,33,6.5,28,10.7,1.9,36,38.4,22,45,33,0.2,1.4,6.5,45,30,60
119,0.41564,0.07444,0.00609,1.41026,14.10033,-0.04173,0.197674199256412,119,20,90,0.215,0.315,0.43,0.4,1.5,1.4,0.31,0.18,0.02,22,45,33,6.5,29,8.3,1.4,30,36,22,45,33,0.18,1.4,6.5,75,60,90
120,0.41613,0.07487,0.00592,1.41432,13.9398,-0.01996,0.266113622030966,120,20,120,0.25,0.317,0.44,0.3,1.4,1.4,0.29,0.17,0.02,22,45,33,6.5,30.025,1.1,0.2,20,33.6,22,45,33,0.17,1.4,6.5,105,90,120
121,0.41687,0.07553,0.00566,1.42064,13.69822,0.01175,0.280822120177268,121,20,150,0.27,0.32,0.44,0.3,1.3,1.4,0.26,0.15,0.02,22,45,33,6.5,30.75,1.1,0.2,15,31.2,22,45,33,0.15,1.4,6.5,135,120,150
122,0.41811,0.07667,0.00526,1.43183,13.29381,0.06202,0.298643877375293,122,20,180,0.29,0.325,0.44,0.1,1.2,1.4,0.15,0.09,0.01,22,45,33,6.5,31.625,1.1,0.2,11,28.8,22,45,33,0.09,1.4,6.5,165,150,180
123,0.4123,0.07165,0.00745,1.38533,15.21018,-0.20627,0.133901178372062,123,21,10,0.17,0.301,0.4,1,4,1.4,3.44,2,0.2,22,45,33,6.5,26.825,3.6,0.6,13,96,22,45,33,2,1.4,6.5,95,0,10
124,0.41443,0.0734,0.00655,1.40067,14.4996,-0.09819,0.123672137693957,124,21,30,0.18,0.31,0.41,0.7,1.8,1.4,2.13,1.24,0.12,22,45,33,6.5,27.75,7.2,1.3,26,43.2,22,45,33,1.24,1.4,6.5,20,10,30
125,0.41443,0.0734,0.00655,1.40067,14.4996,-0.09819,0.123004228428159,125,21,60,0.19,0.31,0.42,0.5,1.6,1.4,1.69,0.98,0.1,22,45,33,6.5,28,10.7,1.9,36,38.4,22,45,33,0.98,1.4,6.5,45,30,60
126,0.41564,0.07444,0.00609,1.41026,14.10033,-0.04173,0.124044035671852,126,21,90,0.215,0.315,0.43,0.4,1.5,1.4,1.55,0.9,0.09,22,45,33,6.5,29,8.3,1.4,30,36,22,45,33,0.9,1.4,6.5,75,60,90
127,0.41613,0.07487,0.00592,1.41432,13.9398,-0.01996,0.148249415215738,127,21,120,0.25,0.317,0.44,0.3,1.4,1.4,1.48,0.86,0.09,22,45,33,6.5,30.025,1.1,0.2,20,33.6,22,45,33,0.86,1.4,6.5,105,90,120
128,0.41687,0.07553,0.00566,1.42064,13.69822,0.01175,0.17099708488986,128,21,150,0.27,0.32,0.44,0.3,1.3,1.4,1.31,0.76,0.08,22,45,33,6.5,30.75,1.1,0.2,15,31.2,22,45,33,0.76,1.4,6.5,135,120,150
129,0.41811,0.07667,0.00526,1.43183,13.29381,0.06202,0.237111271194365,129,21,180,0.29,0.325,0.44,0.1,1.2,1.4,0.72,0.42,0.04,22,45,33,6.5,31.625,1.1,0.2,11,28.8,22,45,33,0.42,1.4,6.5,165,150,180
130,0.3733,0.06226,0.02971,1.56587,81.96365,-1.09801,0.528002893065834,130,22,10,0.06,0.165,0.36,1,10,1.6,0.69,0.4,0.04,10,3,87,6.5,13.875,3.6,0.6,11,240,10,3,87,0.4,1.6,6.5,95,0,10
131,0.37366,0.06173,0.0288,1.54179,74.10957,-1.09528,0.533157553190548,131,22,30,0.07,0.17,0.365,0.8,8.8,1.6,0.43,0.25,0.03,10,3,87,6.5,14.5,7.2,1.3,20,211.2,10,3,87,0.25,1.6,6.5,20,10,30
132,0.3738,0.06152,0.02844,1.53265,71.22879,-1.09403,0.559133159648771,132,22,60,0.09,0.172,0.37,0.6,8.6,1.6,0.34,0.2,0.02,10,3,87,6.5,15.15,10.7,1.9,25,206.4,10,3,87,0.2,1.6,6.5,45,30,60
133,0.37401,0.06121,0.02789,1.51944,67.16449,-1.09197,0.532306977360143,133,22,90,0.11,0.175,0.37,0.5,8.5,1.6,0.31,0.18,0.02,10,3,87,6.5,15.875,8.3,1.4,20,204,10,3,87,0.18,1.6,6.5,75,60,90
134,0.37436,0.06072,0.02698,1.49872,61.02048,-1.08801,0.524323586894635,134,22,100,0.13,0.18,0.37,0.4,8.4,1.6,0.29,0.17,0.02,10,3,87,6.5,16.75,3.3,0.6,5,201.6,10,3,87,0.17,1.6,6.5,95,90,100
135,0.4123,0.07165,0.00745,1.38533,15.21018,-0.20627,0.159927579814212,135,23,10,0.17,0.301,0.4,1,4,1.4,0.69,0.4,0.04,22,45,33,6.5,26.825,3.6,0.6,13,96,22,45,33,0.4,1.4,6.5,55,0,10
136,0.41443,0.0734,0.00655,1.40067,14.4996,-0.09819,0.199108856916002,136,23,30,0.18,0.31,0.41,0.7,1.8,1.4,0.43,0.25,0.03,22,45,33,6.5,27.75,7.2,1.3,26,43.2,22,45,33,0.25,1.4,6.5,20,10,30
137,0.41443,0.0734,0.00655,1.40067,14.4996,-0.09819,0.205306502777477,137,23,60,0.19,0.31,0.42,0.5,1.6,1.4,0.34,0.2,0.02,22,45,33,6.5,28,10.7,1.9,36,38.4,22,45,33,0.2,1.4,6.5,45,30,60
138,0.41564,0.07444,0.00609,1.41026,14.10033,-0.04173,0.197674199256412,138,23,90,0.215,0.315,0.43,0.4,1.5,1.4,0.31,0.18,0.02,22,45,33,6.5,29,8.3,1.4,30,36,22,45,33,0.18,1.4,6.5,75,60,90
139,0.41613,0.07487,0.00592,1.41432,13.9398,-0.01996,0.266113622030966,139,23,120,0.25,0.317,0.44,0.3,1.4,1.4,0.29,0.17,0.02,22,45,33,6.5,30.025,1.1,0.2,20,33.6,22,45,33,0.17,1.4,6.5,105,90,120
140,0.41687,0.07553,0.00566,1.42064,13.69822,0.01175,0.280822120177268,140,23,150,0.27,0.32,0.44,0.3,1.3,1.4,0.26,0.15,0.02,22,45,33,6.5,30.75,1.1,0.2,15,31.2,22,45,33,0.15,1.4,6.5,135,120,150
141,0.41811,0.07667,0.00526,1.43183,13.29381,0.06202,0.298643877375293,141,23,180,0.29,0.325,0.44,0.1,1.2,1.4,0.15,0.09,0.01,22,45,33,6.5,31.625,1.1,0.2,11,28.8,22,45,33,0.09,1.4,6.5,165,150,180
142,0.51255,0.09993,0.01412,1.23255,34.54792,-1.60097,0.150673576855935,142,24,10,0.21,0.39,0.44,1,1,1.2,1.72,1,0.1,40,25,35,6.5,34.5,3.6,0.6,18,24,40,25,35,1,1.2,6.5,95,0,10
143,0.5155,0.10268,0.01151,1.24274,29.59359,-1.26033,0.114486804405326,143,24,30,0.23,0.41,0.467,0.7,0.8,1.2,1.07,0.62,0.06,40,25,35,6.5,36.5,7.2,1.3,36,19.2,40,25,35,0.62,1.2,6.5,20,10,30
144,0.51624,0.10349,0.01089,1.2464,28.43051,-1.16679,0.12497385601755,144,24,60,0.26,0.415,0.467,0.4,0.6,1.2,0.84,0.49,0.05,40,25,35,6.5,37.625,10.7,1.9,47,14.4,40,25,35,0.49,1.2,6.5,45,30,60
145,0.51699,0.10435,0.0103,1.25053,27.29801,-1.0716,0.153865173660487,145,24,90,0.29,0.42,0.47,0.2,0.5,1.2,0.77,0.45,0.05,40,25,35,6.5,38.75,8.3,1.4,39,12,40,25,35,0.45,1.2,6.5,75,60,90
146,0.51775,0.10527,0.00972,1.25513,26.19618,-0.97562,0.190289876830019,146,24,120,0.32,0.425,0.475,0.1,0.4,1.2,0.74,0.43,0.04,40,25,35,6.5,39.875,1.1,0.2,32,9.6,40,25,35,0.43,1.2,6.5,105,90,120
147,0.5185,0.10623,0.00916,1.26022,25.12506,-0.87971,0.210773124154837,147,24,150,0.36,0.43,0.48,0.1,0.3,1.2,0.65,0.38,0.04,40,25,35,6.5,41.25,1.1,0.2,21,7.2,40,25,35,0.38,1.2,6.5,135,120,150
148,0.5185,0.10623,0.00916,1.26022,25.12506,-0.87971,0.266202887359446,148,24,180,0.4,0.43,0.48,0,0.2,1.2,0.36,0.21,0.02,40,25,35,6.5,42.25,1.1,0.2,9,4.8,40,25,35,0.21,1.2,6.5,165,150,180
149,0.4123,0.07165,0.00745,1.38533,15.21018,-0.20627,0.168397538405803,149,25,10,0.17,0.301,0.4,1,4,1.4,0.69,0.4,0.04,22,45,33,6.5,26.825,3.6,0.6,13,96,22,45,33,0.4,1.4,6.5,95,0,10
150,0.41443,0.0734,0.00655,1.40067,14.4996,-0.09819,0.199108856916002,150,25,30,0.18,0.31,0.41,0.7,1.8,1.4,0.43,0.25,0.03,22,45,33,6.5,27.75,7.2,1.3,26,43.2,22,45,33,0.25,1.4,6.5,20,10,30
151,0.41443,0.0734,0.00655,1.40067,14.4996,-0.09819,0.205306502777477,151,25,60,0.19,0.31,0.42,0.5,1.6,1.4,0.34,0.2,0.02,22,45,33,6.5,28,10.7,1.9,36,38.4,22,45,33,0.2,1.4,6.5,45,30,60
152,0.41564,0.07444,0.00609,1.41026,14.10033,-0.04173,0.197674199256412,152,25,90,0.215,0.315,0.43,0.4,1.5,1.4,0.31,0.18,0.02,22,45,33,6.5,29,8.3,1.4,30,36,22,45,33,0.18,1.4,6.5,75,60,90
153,0.41613,0.07487,0.00592,1.41432,13.9398,-0.01996,0.266113622030966,153,25,120,0.25,0.317,0.44,0.3,1.4,1.4,0.29,0.17,0.02,22,45,33,6.5,30.025,1.1,0.2,20,33.6,22,45,33,0.17,1.4,6.5,105,90,120
154,0.41687,0.07553,0.00566,1.42064,13.69822,0.01175,0.280822120177268,154,25,150,0.27,0.32,0.44,0.3,1.3,1.4,0.26,0.15,0.02,22,45,33,6.5,30.75,1.1,0.2,15,31.2,22,45,33,0.15,1.4,6.5,135,120,150
155,0.41811,0.07667,0.00526,1.43183,13.29381,0.06202,0.298643877375293,155,25,180,0.29,0.325,0.44,0.1,1.2,1.4,0.15,0.09,0.01,22,45,33,6.5,31.625,1.1,0.2,11,28.8,22,45,33,0.09,1.4,6.5,165,150,180
156,0.4123,0.07165,0.00745,1.38533,15.21018,-0.20627,0.133901178372062,156,26,10,0.17,0.301,0.4,1,4,1.4,3.44,2,0.2,22,45,33,6.5,26.825,3.6,0.6,13,96,22,45,33,2,1.4,6.5,95,0,10
157,0.41443,0.0734,0.00655,1.40067,14.4996,-0.09819,0.123672137693957,157,26,30,0.18,0.31,0.41,0.7,1.8,1.4,2.13,1.24,0.12,22,45,33,6.5,27.75,7.2,1.3,26,43.2,22,45,33,1.24,1.4,6.5,20,10,30
158,0.41443,0.0734,0.00655,1.40067,14.4996,-0.09819,0.123004228428159,158,26,60,0.19,0.31,0.42,0.5,1.6,1.4,1.69,0.98,0.1,22,45,33,6.5,28,10.7,1.9,36,38.4,22,45,33,0.98,1.4,6.5,45,30,60
159,0.41564,0.07444,0.00609,1.41026,14.10033,-0.04173,0.124044035671852,159,26,90,0.215,0.315,0.43,0.4,1.5,1.4,1.55,0.9,0.09,22,45,33,6.5,29,8.3,1.4,30,36,22,45,33,0.9,1.4,6.5,75,60,90
160,0.41613,0.07487,0.00592,1.41432,13.9398,-0.01996,0.148249415215738,160,26,120,0.25,0.317,0.44,0.3,1.4,1.4,1.48,0.86,0.09,22,45,33,6.5,30.025,1.1,0.2,20,33.6,22,45,33,0.86,1.4,6.5,105,90,120
161,0.41687,0.07553,0.00566,1.42064,13.69822,0.01175,0.17099708488986,161,26,150,0.27,0.32,0.44,0.3,1.3,1.4,1.31,0.76,0.08,22,45,33,6.5,30.75,1.1,0.2,15,31.2,22,45,33,0.76,1.4,6.5,135,120,150
162,0.41811,0.07667,0.00526,1.43183,13.29381,0.06202,0.237111271194365,162,26,180,0.29,0.325,0.44,0.1,1.2,1.4,0.72,0.42,0.04,22,45,33,6.5,31.625,1.1,0.2,11,28.8,22,45,33,0.42,1.4,6.5,165,150,180
163,0.3733,0.06226,0.02971,1.56587,81.96365,-1.09801,0.528002893065834,163,27,10,0.06,0.165,0.36,1,10,1.6,0.69,0.4,0.04,10,3,87,6.5,13.875,3.6,0.6,11,240,10,3,87,0.4,1.6,6.5,95,0,10
164,0.37366,0.06173,0.0288,1.54179,74.10957,-1.09528,0.533157553190548,164,27,30,0.07,0.17,0.365,0.8,8.8,1.6,0.43,0.25,0.03,10,3,87,6.5,14.5,7.2,1.3,20,211.2,10,3,87,0.25,1.6,6.5,20,10,30
165,0.3738,0.06152,0.02844,1.53265,71.22879,-1.09403,0.559133159648771,165,27,60,0.09,0.172,0.37,0.6,8.6,1.6,0.34,0.2,0.02,10,3,87,6.5,15.15,10.7,1.9,25,206.4,10,3,87,0.2,1.6,6.5,45,30,60
166,0.37401,0.06121,0.02789,1.51944,67.16449,-1.09197,0.532306977360143,166,27,90,0.11,0.175,0.37,0.5,8.5,1.6,0.31,0.18,0.02,10,3,87,6.5,15.875,8.3,1.4,20,204,10,3,87,0.18,1.6,6.5,75,60,90
167,0.37436,0.06072,0.02698,1.49872,61.02048,-1.08801,0.529261019380086,167,27,120,0.13,0.18,0.37,0.4,8.4,1.6,0.29,0.17,0.02,10,3,87,6.5,16.75,1.1,0.2,15,201.6,10,3,87,0.17,1.6,6.5,105,90,120
168,0.37534,0.05945,0.02441,1.44877,47.30538,-1.07258,0.521196862291607,168,27,150,0.15,0.194,0.37,0.3,8.3,1.6,0.26,0.15,0.02,10,3,87,6.5,18.3,1.1,0.2,13,199.2,10,3,87,0.15,1.6,6.5,135,120,150
169,0.37629,0.05847,0.02205,1.41181,38.08756,-1.05041,0.518918903111256,169,27,180,0.18,0.207,0.37,0.2,8.2,1.6,0.15,0.09,0.01,10,3,87,6.5,20.025,1.1,0.2,8,196.8,10,3,87,0.09,1.6,6.5,165,150,180
170,0.4123,0.07165,0.00745,1.38533,15.21018,-0.20627,0.133901178372062,170,28,10,0.17,0.301,0.4,1,4,1.4,3.44,2,0.2,22,45,33,6.5,26.825,3.6,0.6,13,96,22,45,33,2,1.4,6.5,95,0,10
171,0.41443,0.0734,0.00655,1.40067,14.4996,-0.09819,0.123672137693957,171,28,30,0.18,0.31,0.41,0.7,1.8,1.4,2.13,1.24,0.12,22,45,33,6.5,27.75,7.2,1.3,26,43.2,22,45,33,1.24,1.4,6.5,20,10,30
172,0.41443,0.0734,0.00655,1.40067,14.4996,-0.09819,0.123004228428159,172,28,60,0.19,0.31,0.42,0.5,1.6,1.4,1.69,0.98,0.1,22,45,33,6.5,28,10.7,1.9,36,38.4,22,45,33,0.98,1.4,6.5,45,30,60
173,0.41564,0.07444,0.00609,1.41026,14.10033,-0.04173,0.124044035671852,173,28,90,0.215,0.315,0.43,0.4,1.5,1.4,1.55,0.9,0.09,22,45,33,6.5,29,8.3,1.4,30,36,22,45,33,0.9,1.4,6.5,75,60,90
174,0.41613,0.07487,0.00592,1.41432,13.9398,-0.01996,0.148249415215738,174,28,120,0.25,0.317,0.44,0.3,1.4,1.4,1.48,0.86,0.09,22,45,33,6.5,30.025,1.1,0.2,20,33.6,22,45,33,0.86,1.4,6.5,105,90,120
175,0.41687,0.07553,0.00566,1.42064,13.69822,0.01175,0.17099708488986,175,28,150,0.27,0.32,0.44,0.3,1.3,1.4,1.31,0.76,0.08,22,45,33,6.5,30.75,1.1,0.2,15,31.2,22,45,33,0.76,1.4,6.5,135,120,150
176,0.41811,0.07667,0.00526,1.43183,13.29381,0.06202,0.237111271194365,176,28,180,0.29,0.325,0.44,0.1,1.2,1.4,0.72,0.42,0.04,22,45,33,6.5,31.625,1.1,0.2,11,28.8,22,45,33,0.42,1.4,6.5,165,150,180
177,0.41738770898248,0.0450442913445177,0.0324755347622894,1.14813026423524,12.9391832318718,-0.314428865474962,0.129018691388568,177,29,10,0.17,0.301,0.4,1,4,1.4,1.72,1,0.1,22,45,33,6.5,26.825,3.6,0.6,13,96,22,45,33,1,1.4,6.5,95,0,10
178,0.41443,0.0734,0.00655,1.40067,14.4996,-0.09819,0.135791931872573,178,29,30,0.18,0.31,0.41,0.7,1.8,1.4,1.07,0.62,0.06,22,45,33,6.5,27.75,7.2,1.3,26,43.2,22,45,33,0.62,1.4,6.5,20,10,30
179,0.418342334545364,0.0393179401670658,0.0265236088119683,1.14287738587189,22.9408808562093,-2.74120569600856,0.125015498283651,179,29,60,0.19,0.31,0.42,0.5,1.6,1.4,0.84,0.49,0.05,22,45,33,6.5,28,10.7,1.9,36,38.4,22,45,33,0.49,1.4,6.5,45,30,60
180,0.411521529944047,0.0512564439815815,0.0213944163709971,1.16175104786028,13.3344940242297,-2.62394864392616,0.139230386887274,180,29,90,0.215,0.315,0.43,0.4,1.5,1.4,0.77,0.45,0.05,22,45,33,6.5,29,8.3,1.4,30,36,22,45,33,0.45,1.4,6.5,75,60,90
181,0.412034553943088,0.0488101062868007,0.00870902002134412,1.23758526681755,6.98438198342884,-0.445947676673431,0.191974866853822,181,29,120,0.25,0.317,0.44,0.3,1.4,1.4,0.74,0.43,0.04,22,45,33,6.5,30.025,1.1,0.2,20,33.6,22,45,33,0.43,1.4,6.5,105,90,120
182,0.41687,0.07553,0.00566,1.42064,13.69822,0.01175,0.214662774945908,182,29,150,0.27,0.32,0.44,0.3,1.3,1.4,0.65,0.38,0.04,22,45,33,6.5,30.75,1.1,0.2,15,31.2,22,45,33,0.38,1.4,6.5,135,120,150
183,0.41811,0.07667,0.00526,1.43183,13.29381,0.06202,0.278873795280599,183,29,180,0.29,0.325,0.44,0.1,1.2,1.4,0.36,0.21,0.02,22,45,33,6.5,31.625,1.1,0.2,11,28.8,22,45,33,0.21,1.4,6.5,165,150,180
184,0.4123,0.07165,0.00745,1.38533,15.21018,-0.20627,0.133901178372062,184,30,10,0.17,0.301,0.4,1,4,1.4,3.44,2,0.2,22,45,33,6.5,26.825,3.6,0.6,13,96,22,45,33,2,1.4,6.5,95,0,10
185,0.41443,0.0734,0.00655,1.40067,14.4996,-0.09819,0.123672137693957,185,30,30,0.18,0.31,0.41,0.7,1.8,1.4,2.13,1.24,0.12,22,45,33,6.5,27.75,7.2,1.3,26,43.2,22,45,33,1.24,1.4,6.5,20,10,30
186,0.41443,0.0734,0.00655,1.40067,14.4996,-0.09819,0.123004228428159,186,30,60,0.19,0.31,0.42,0.5,1.6,1.4,1.69,0.98,0.1,22,45,33,6.5,28,10.7,1.9,36,38.4,22,45,33,0.98,1.4,6.5,45,30,60
187,0.41564,0.07444,0.00609,1.41026,14.10033,-0.04173,0.124044035671852,187,30,90,0.215,0.315,0.43,0.4,1.5,1.4,1.55,0.9,0.09,22,45,33,6.5,29,8.3,1.4,30,36,22,45,33,0.9,1.4,6.5,75,60,90
188,0.41613,0.07487,0.00592,1.41432,13.9398,-0.01996,0.148249415215738,188,30,120,0.25,0.317,0.44,0.3,1.4,1.4,1.48,0.86,0.09,22,45,33,6.5,30.025,1.1,0.2,20,33.6,22,45,33,0.86,1.4,6.5,105,90,120
189,0.41687,0.07553,0.00566,1.42064,13.69822,0.01175,0.17099708488986,189,30,150,0.27,0.32,0.44,0.3,1.3,1.4,1.31,0.76,0.08,22,45,33,6.5,30.75,1.1,0.2,15,31.2,22,45,33,0.76,1.4,6.5,135,120,150
190,0.41811,0.07667,0.00526,1.43183,13.29381,0.06202,0.237111271194365,190,30,180,0.29,0.325,0.44,0.1,1.2,1.4,0.72,0.42,0.04,22,45,33,6.5,31.625,1.1,0.2,11,28.8,22,45,33,0.42,1.4,6.5,165,150,180
191,0.42824,0.07219,0.00552,1.47272,30.60546,0.15312,0.168426019751792,191,31,30,0.12,0.31,0.48,1,0.46,1.37,1.6,0.93,0.09,17.3,72.4,10.2,7.9,26.25,10.7,1.9,57,11.04,17.3,72.4,10.2,0.93,1.37,7.9,105,0,30
192,0.44042,0.08221,0.00569,1.4449,21.50322,0.04449,0.148390536810392,192,31,60,0.14,0.33,0.49,1,0.36,1.37,0.96,0.56,0.06,23.5,67.3,9.2,8,28.25,10.7,1.9,57,8.64,23.5,67.3,9.2,0.56,1.37,8,45,30,60
193,0.43603,0.07681,0.00743,1.40126,25.15362,-0.14212,0.144351098924562,193,31,90,0.12,0.31,0.49,1,0.52,1.35,0.88,0.51,0.05,23.7,67,9.3,8.3,26.25,8.3,1.4,57,12.48,23.7,67,9.3,0.51,1.35,8.3,75,60,90
194,0.4205,0.06404,0.00777,1.4218,40.09383,-0.06238,0.238664959559083,194,31,150,0.08,0.28,0.49,0.5,0.87,1.34,0.58,0.34,0.03,16.2,73.5,10.3,9,23,3.3,0.6,120,20.88,16.2,73.5,10.3,0.34,1.34,9,120,90,150
195,0.65408,0.12406,0.00356,1.60004,171.13389,0.03084,0.247594283026661,195,32,5,0.25,0.55,0.65,1,0.68,0.58,24.08,14,1.4,10.4,68.8,20.8,5.8,47.5,1.8,0.3,15,16.32,10.4,68.8,20.8,14,0.58,5.8,2.5,0,5
196,0.60897,0.13802,0.00154,1.97187,84.9792,0.10477,0.214711661921854,196,32,10,0.25,0.55,0.65,1,0.68,0.73,13.5,7.85,0.79,5.9,72.7,21.4,4.8,47.5,1.8,0.3,15,16.32,5.9,72.7,21.4,7.85,0.73,4.8,7.5,5,10
197,0.60897,0.13802,0.00154,1.97187,84.9792,0.10477,0.20891756222988,197,32,20,0.25,0.55,0.65,1,0.68,0.73,13.5,7.85,0.79,5.9,72.7,21.4,4.8,47.5,3.6,0.6,30,16.32,5.9,72.7,21.4,7.85,0.73,4.8,15,10,20
198,0.52448,0.13001,0.00049,2.64148,30.31848,-0.10397,0.239360057012425,198,32,30,0.23,0.55,0.68,0.7,0.68,0.97,5.09,2.96,0.3,1,56.1,42.9,5.4,47,3.6,0.6,32,16.32,1,56.1,42.9,2.96,0.97,5.4,25,20,30
199,0.50131,0.09911,0.00079,2.18472,58.80724,0.54748,0.238000364495055,199,32,40,0.3,0.48,0.74,0.7,0.68,0.97,5.09,2.96,0.3,1,56.1,42.9,5.4,43.5,3.6,0.6,18,16.32,1,56.1,42.9,2.96,0.97,5.4,35,30,40
200,0.47093,0.0968,0.00063,2.29951,25.93346,0.47915,0.229638965168309,200,32,50,0.3,0.48,0.74,0.5,2.59,1.13,2.94,1.71,0.17,1,42.7,56.3,5.6,43.5,3.6,0.6,18,62.16,1,42.7,56.3,1.71,1.13,5.6,45,40,50
201,0.47093,0.0968,0.00063,2.29951,25.93346,0.47915,0.235548622101221,201,32,60,0.3,0.48,0.71,0.5,2.59,1.13,2.94,1.71,0.17,1,42.7,56.3,5.6,43.5,3.6,0.6,18,62.16,1,42.7,56.3,1.71,1.13,5.6,55,50,60
202,0.45579,0.08646,0.00077,2.13494,28.3024,0.67982,0.239368854215738,202,32,70,0.3,0.45,0.71,0.5,2.59,1.17,2.24,1.3,0.13,1,42.7,56.3,5.6,41.25,2.8,0.5,15,62.16,1,42.7,56.3,1.3,1.17,5.6,65,60,70
203,0.45371,0.08885,0.00081,2.08409,20.5395,0.6619,0.201685384970208,203,32,90,0.3,0.45,0.71,0.5,2.59,1.22,2.24,1.3,0.13,3.6,36.7,59.7,5.8,41.25,5.5,1,30,62.16,3.6,36.7,59.7,1.3,1.22,5.8,80,70,90
204,0.45437,0.08997,0.00083,2.05926,18.98949,0.65831,0.209841350855638,204,32,110,0.3,0.45,0.7,0.3,2.59,1.23,2.24,1.3,0.13,4.7,35,60.3,5.8,41.25,0.7,0.1,30,62.16,4.7,35,60.3,1.3,1.23,5.8,100,90,110
205,0.45437,0.08997,0.00083,2.05926,18.98949,0.65831,0.220725097574244,205,32,130,0.3,0.45,0.7,0.3,2.59,1.23,2.24,1.3,0.13,4.7,35,60.3,5.8,41.25,0.7,0.1,30,62.16,4.7,35,60.3,1.3,1.23,5.8,120,110,130
206,0.45475,0.08504,0.00093,1.98133,19.12396,0.76236,0.280405155339917,206,32,150,0.3,0.45,0.71,0.3,2.59,1.23,2.24,1.3,0.13,2.2,29,68.8,5.8,41.25,0.7,0.1,30,62.16,2.2,29,68.8,1.3,1.23,5.8,140,130,150
207,0.44899,0.08618,0.00088,2.0173,16.1979,0.7095,0.286277767215248,207,32,170,0.3,0.45,0.73,0.3,2.59,1.27,2.24,1.3,0.13,2.2,29,68.8,5.8,41.25,0.7,0.1,30,62.16,2.2,29,68.8,1.3,1.27,5.8,160,150,170
208,0.44899,0.08618,0.00088,2.0173,16.1979,0.7095,0.286277767215248,208,32,180,0.3,0.45,0.73,0.1,2.59,1.27,2.24,1.3,0.13,2.2,29,68.8,5.8,41.25,0.4,0.1,15,62.16,2.2,29,68.8,1.3,1.27,5.8,175,170,180
209,0.4261,0.08075,0.00824,1.3678,15.71936,-0.36909,0.208515421217649,209,33,5,0.176,0.311,0.495,1,0.54,1.41,1.72,1,0.1,27.8,60.3,11.9,5.4,27.725,1.8,0.3,7,12.96,27.8,60.3,11.9,1,1.41,5.4,2.5,0,5
210,0.454088987046598,0.0405447773040775,0.0287735990964436,1.18586738602139,25.6947377302568,-1.28207133593945,0.156735388975472,210,33,10,0.176,0.311,0.495,1,0.54,1.41,1.72,1,0.1,27.8,60.3,11.9,5.4,27.725,1.8,0.3,7,12.96,27.8,60.3,11.9,1,1.41,5.4,7.5,5,10
211,0.4219,0.07929,0.00881,1.35886,15.3919,-0.4436,0.151520034361317,211,33,20,0.171,0.305,0.437,0.7,0.29,1.42,1.03,0.6,0.06,27.8,60.3,11.9,6.1,27.15,3.6,0.6,13,6.96,27.8,60.3,11.9,0.6,1.42,6.1,15,10,20
212,0.447619912978226,0.0352151071132822,0.0257898717908138,1.16702852128414,13.4356451435907,-0.277159878837208,0.143122912797663,212,33,30,0.187,0.32,0.429,0.7,0.18,1.21,1.03,0.6,0.06,27.8,60.3,11.9,6.5,28.675,3.6,0.6,13,4.32,27.8,60.3,11.9,0.6,1.21,6.5,25,20,30
213,0.522227781378285,0.0570936699404052,0.0145901943321433,1.1474041138703,5.15958150474086,-2.0332435243064,0.128467478971371,213,33,40,0.287,0.409,0.424,0.7,0,1.25,0.69,0.4,0.04,57.9,38.6,3.5,6.9,37.85,3.6,0.6,12,0,57.9,38.6,3.5,0.4,1.25,6.9,35,30,40
214,0.5216,0.11904,0.02054,1.18833,19.53382,-3.17008,0.132703702140155,214,33,50,0.287,0.409,0.424,0.5,0,1.25,0.69,0.4,0.04,57.9,38.6,3.5,6.9,37.85,3.6,0.6,12,0,57.9,38.6,3.5,0.4,1.25,6.9,45,40,50
215,0.516014128206039,0.0465347335823914,0.014374060904837,1.13342708203969,5.09594925611088,-2.39676820467554,0.117720040533683,215,33,60,0.287,0.409,0.424,0.5,0,1.25,0.69,0.4,0.04,57.9,38.6,3.5,6.9,37.85,3.6,0.6,12,0,57.9,38.6,3.5,0.4,1.25,6.9,55,50,60
216,0.53291,0.11798,0.02376,1.18858,26.85613,-3.33886,0.1773214285583,216,33,70,0.276,0.398,0.427,0.5,0.01,1.2,0.17,0.1,0.01,57.9,38.6,3.5,7.1,36.75,2.8,0.5,12,0.24,57.9,38.6,3.5,0.1,1.2,7.1,65,60,70
217,0.53291,0.11798,0.02376,1.18858,26.85613,-3.33886,0.20112236377271,217,33,90,0.276,0.398,0.427,0.5,0.01,1.2,0.17,0.1,0.01,57.9,38.6,3.5,7.1,36.75,5.5,1,24,0.24,57.9,38.6,3.5,0.1,1.2,7.1,80,70,90
218,0.47981,0.08718,0.0047,1.48559,49.79985,0.29913,0.263797247975849,218,33,110,0.231,0.361,0.427,0.3,0.05,1.18,0.09,0.05,0.01,22.2,65.2,12.6,7.3,32.85,0.6,0.1,26,1.2,22.2,65.2,12.6,0.05,1.18,7.3,100,90,110
219,0.47981,0.08718,0.0047,1.48559,49.79985,0.29913,0.274696658778171,219,33,130,0.231,0.361,0.427,0.3,0.05,1.18,0.09,0.05,0.01,22.2,65.2,12.6,7.3,32.85,0.6,0.1,26,1.2,22.2,65.2,12.6,0.05,1.18,7.3,120,110,130
220,0.47981,0.08718,0.0047,1.48559,49.79985,0.29913,0.28150368739678,220,33,150,0.231,0.361,0.427,0.3,0.05,1.18,0.09,0.05,0.01,22.2,65.2,12.6,8.3,32.85,0.6,0.1,26,1.2,22.2,65.2,12.6,0.05,1.18,8.3,140,130,150
221,0.47981,0.08718,0.0047,1.48559,49.79985,0.29913,0.292383891262272,221,33,170,0.231,0.361,0.427,0.3,0.05,1.18,0.09,0.05,0.01,22.2,65.2,12.6,8.3,32.85,0.6,0.1,26,1.2,22.2,65.2,12.6,0.05,1.18,8.3,160,150,170
222,0.47981,0.08718,0.0047,1.48559,49.79985,0.29913,0.292383891262272,222,33,190,0.231,0.361,0.427,0.1,0.05,1.18,0.09,0.05,0.01,22.2,65.2,12.6,8.3,32.85,0.6,0.1,26,1.2,22.2,65.2,12.6,0.05,1.18,8.3,180,170,190
223,0.47981,0.08718,0.0047,1.48559,49.79985,0.29913,0.291819937212061,223,33,210,0.231,0.361,0.427,0.1,0.05,1.18,0.09,0.05,0.01,22.2,65.2,12.6,8.3,32.85,0.6,0.1,26,1.2,22.2,65.2,12.6,0.05,1.18,8.3,200,190,210
